{"p13_pop": 2229628,"area": 105458607.328188,"area2": 80624489.4439876,"triMobileN": 75,"triMobileNGeo": 50,"POU": 989,"POUP": 600,"PRE": 15,"TRI": 88,"VER": 584,"abandonnes": 78581,"graffitis": 107519,"proprete": 46543,"tonnageJaunes": 82246.8,"tonnageVerre": 65366.7,"tonnageVerts": 833399,"p13_pop_m": 2.229628,"mobilier": 2188,"mobilier_hab": 1019.02559414991,"pou_hab": 2254.42669362993,"pou_m": 326.544873527183,"tonnage": 981012.5,"tonnage_hab": 439.989316603487}
