{"p13_pop": 2229628,"area": 105458607.328188,"area2": 80624489.4439876,"triMobileN": 75,"triMobileNGeo": 50,"POU": 22147,"POUP": 2036,"PRE": 22,"TRI": 124,"VER": 962,"abandonnes": 78581,"graffitis": 107519,"proprete": 46543,"total": 289743,"trilibNStation": 40,"trilibNBac": 124,"tonnageJaunes": 82246.8,"tonnageVerre": 65366.7,"tonnageVerts": 833399,"n_coms_sale": 160,"n_coms": 449,"prop": 599.003693926561,"is_crotte": 66.4367816091954,"is_poubelle": 69.6168582375479,"is_sale": 602.107142202423,"p13_pop_m": 2.229628,"mobilier": 25167,"mobilier_hab": 88.5933166448126,"pou_hab": 100.674041630921,"pou_m": 69.0054771260944,"tonnage": 981012.5,"tonnage_hab": 439.989316603487,"dansMaRue": 232643}
